sub_id,keyword
a1d71a,hate
d16wny,sad
cd0hjp,depression
9rv9cx,stress
9rv9cx,depression
9rv9cx,hate
8q3hs9,hate
54s3mf,stress
b7fxrm,depressed
b7fxrm,depression
b7fxrm,sad
75pshg,sad
58hg5g,hate
54h8nr,sad
ch5k91,depressed
ch5k91,depression
ayv4dk,hate
aqjz2f,hate
bdoikz,depressed
bdoikz,depression
awqejx,stress
awqejx,depressed
awqejx,sad
awqejx,hate
aw059x,stress
as55w2,depressed
arhgpn,depressed
arhgpn,depression
ae2wh4,depressed
9j6s67,hate
99rzm1,depression
97m1da,stress
974w18,depression
8mnuz3,depression
8mnuz3,sad
8dthzl,depression
8cxn29,stress
8bnc69,hate
89r3zb,depression
873sze,depressed
873sze,depression
7wjibk,suicidal
7wjibk,suicide
7vuehc,depression
7utted,hate
6n6xie,depression
6drm5r,stress
64bkp1,suicidal
6436ul,depression
62xtmk,hate
62jo4e,depressed
62jo4e,hate
61kd9p,depression
608cb9,depression
5vyxlw,depressed
5vp3tf,suicidal
5vp3tf,depression
5vp2dq,depressed
5vp2dq,depression
5tqtha,suicidal
5t358d,depressed
5s5hh2,depression
boodz6,depression
bkfk14,depression
b5jtw6,hate
b1ww0s,hate
b1wvsq,hate
a0dpk6,hate
didq4h,hate
cws6nr,stress
cicb8q,sad
cicb8q,hate
cggkey,stress
cf24a9,hate
cdprsr,sad
bz4el0,sad
b5lw5z,depression
aw0b9u,sad
akhhph,depressed
720kcr,suicide
405hrw,stress
bhlyu2,depression
asq24w,depressed
asq24w,hate
ankx2k,stress
95w3t4,stress
61524l,stress
c4ggxq,suicide
c4ggxq,depressed
c4ggxq,hate
diybgu,depressed
diybgu,sad
dhkuxd,hate
d96p0n,depression
d96p0n,sad
d637xc,depression
czftu9,sad
cflg9j,depression
ca2mpf,sad
c9j1u3,sad
c9j1u3,hate
c5j15l,hate
c47iu2,depression
c45p4x,depression
bzgtco,depressed
bzgtco,depression
bzepcv,hate
bn6vb2,suicidal
bn6vb2,depression
bmdt6q,depression
bkcnlc,suicide
bkcnlc,sad
bib3dk,depression
babywz,sad
ba46pz,depression
b7srr4,depression
b26fua,depression
azj7ns,suicidal
azj7ns,suicide
ayro44,depression
ayro44,hate
augr4w,suicide
augr4w,depression
anzzqj,depressed
anzzqj,depression
am3h2x,depression
alk97c,sad
ajxprv,suicide
ajxprv,depression
aij4rv,depression
dk3jnr,hate
dfzj56,suicide
cpd7yr,hate
