keyword,counter
dying,8
cares,6
nobody,4
sleep,20
night,44
dead,14
lost,26
live,43
alive,11
cut,32
insecure,2
afraid,18
bad,38
sad,17
hang,42
hate,31
aching,6
note,15
die,35
ending,15
commit,3
reason,20
hung,5
smile,6
fake,4
alone,15
plan,31
letter,7
living,14
anxiety,6
unsure,4
fight,9
hide,6
painful,3
abusive,4
harm,9
panic,6
kill,32
died,16
sick,14
killed,18
breathing,3
stupid,9
stress,10
carry,3
suicidal,4
hurting,3
suicide,6
drugs,4
depressed,4
disappear,1
kills,4
worthless,2
meaningless,1
stuck,10
abuse,4
abused,1
useless,3
helpless,1
killing,1
jump,1
cutting,5
bully,1
bullying,1
diagnosed,1
