keyword,counter
depressed,69
hopeless,21
sick,45
abusive,5
stress,26
sad,53
anxiety,52
hate,128
living,38
killing,17
kill,91
bad,105
panic,19
night,77
breathing,6
hung,4
dying,25
diagnosed,12
afraid,25
lost,33
stupid,28
alive,14
fake,22
cares,12
disorder,16
suicidal,25
suicide,36
alone,56
hang,89
aching,11
drugs,6
existing,3
worthless,9
pills,8
plan,51
cut,38
note,18
painful,19
commit,17
die,85
fight,28
ending,30
cutting,7
harm,12
nobody,28
kills,18
killed,15
hide,7
jump,11
died,15
useless,11
dead,29
stuck,13
abuse,20
insecure,2
injury,1
despair,2
helpless,3
hurting,7
meaningless,3
pretending,1
bullied,5
bully,2
unsure,1
abused,4
anorexia,1
